{
  "runtimeOptions": {
    "tfm": "net10.0",
    "includedFrameworks": [
      {
        "name": "Microsoft.NETCore.App",
        "version": "10.0.1"
      }
    ],
    "wasmHostProperties": {
      "perHostConfig": [
        {
          "name": "browser",
          "host": "browser"
        }
      ]
    },
    "configProperties": {
      "Microsoft.AspNetCore.Components.Routing.RegexConstraintSupport": false,
      "Microsoft.Extensions.DependencyInjection.VerifyOpenGenericServiceTrimmability": true,
      "System.ComponentModel.DefaultValueAttribute.IsSupported": false,
      "System.ComponentModel.Design.IDesignerHost.IsSupported": false,
      "System.ComponentModel.TypeConverter.EnableUnsafeBinaryFormatterInDesigntimeLicenseContextSerialization": false,
      "System.ComponentModel.TypeDescriptor.IsComObjectDescriptorSupported": false,
      "System.Data.DataSet.XmlSerializationIsSupported": false,
      "System.Diagnostics.Debugger.IsSupported": false,
      "System.Diagnostics.Metrics.Meter.IsSupported": false,
      "System.Diagnostics.Tracing.EventSource.IsSupported": false,
      "System.GC.Server": true,
      "System.Globalization.Invariant": false,
      "System.TimeZoneInfo.Invariant": false,
      "System.Linq.Enumerable.IsSizeOptimized": true,
      "System.Net.Http.EnableActivityPropagation": false,
      "System.Net.Http.WasmEnableStreamingResponse": true,
      "System.Net.SocketsHttpHandler.Http3Support": false,
      "System.Reflection.Metadata.MetadataUpdater.IsSupported": false,
      "System.Resources.ResourceManager.AllowCustomResourceTypes": false,
      "System.Resources.UseSystemResourceKeys": true,
      "System.Runtime.CompilerServices.RuntimeFeature.IsDynamicCodeSupported": true,
      "System.Runtime.InteropServices.BuiltInComInterop.IsSupported": false,
      "System.Runtime.InteropServices.EnableConsumingManagedCodeFromNativeHosting": false,
      "System.Runtime.InteropServices.EnableCppCLIHostActivation": false,
      "System.Runtime.InteropServices.Marshalling.EnableGeneratedComInterfaceComImportInterop": false,
      "System.Runtime.Serialization.EnableUnsafeBinaryFormatterSerialization": false,
      "System.StartupHookProvider.IsSupported": false,
      "System.Text.Encoding.EnableUnsafeUTF7Encoding": false,
      "System.Text.Json.JsonSerializer.IsReflectionEnabledByDefault": true,
      "System.Threading.Thread.EnableAutoreleasePool": false,
      "Microsoft.AspNetCore.Components.Endpoints.NavigationManager.DisableThrowNavigationException": false
    }
  }
}